staff_id,staff_name,role,department_id,joining_date,salary
1,Vedika Doctor,Receptionist,6,2024-01-13,27188
2,Rajata Dyal,Technician,1,2020-11-03,68110
3,Finn Narayanan,Technician,5,2021-12-06,58411
4,Charita Luthra,Receptionist,1,2024-09-14,20282
5,Aarnav Ramakrishnan,Technician,9,2019-05-23,41722
6,Ladli Merchant,Ward Boy,1,2021-11-10,37238
7,Parth Bahl,Ward Boy,3,2021-07-30,65846
8,Kamala Dutta,Receptionist,5,2020-04-25,62661
9,Chasmum Mallick,Receptionist,9,2024-04-06,49370
10,Yoshita Srinivas,Nurse,8,2022-01-06,44008
11,Vedika Mohan,Receptionist,10,2026-03-02,57586
12,Laksh Bir,Nurse,10,2020-07-11,63699
13,Arin Shanker,Receptionist,1,2021-09-19,79656
14,Upma Salvi,Receptionist,7,2020-09-12,70769
15,Yashica Thakur,Ward Boy,1,2024-07-06,38026
16,Pratyush Patla,Receptionist,9,2023-08-15,62252
17,Yagnesh Dalal,Nurse,1,2018-12-09,79698
18,Bachittar Natarajan,Receptionist,9,2018-12-29,21307
19,Suhani Yohannan,Technician,7,2025-07-18,54043
20,Unni Prasad,Receptionist,4,2023-10-09,59066
21,Aarush Datta,Ward Boy,5,2018-07-28,27160
22,Anvi Karnik,Technician,8,2019-12-21,69709
23,Isaac Khanna,Ward Boy,10,2021-02-25,24665
24,Peter Bahri,Nurse,4,2018-06-12,42666
25,Anay Zachariah,Technician,4,2021-01-02,73632
26,Kavya Soman,Nurse,10,2023-04-01,41138
27,Kalpit Ben,Nurse,7,2019-12-18,20958
28,Liam Batta,Technician,1,2026-02-24,17833
29,Anita Mander,Technician,10,2022-01-06,16208
30,Qabil Nayar,Receptionist,9,2021-03-20,66672
31,Sai Edwin,Nurse,9,2019-09-30,67871
32,Dominic Handa,Ward Boy,5,2026-01-08,73015
33,Gayathri Madan,Receptionist,8,2023-05-06,17284
34,Ishani Das,Technician,2,2020-03-23,66750
35,Vaishnavi Bhalla,Nurse,6,2025-02-21,27794
36,Faraj Prakash,Ward Boy,6,2022-01-19,64714
37,Dayita Hayre,Technician,7,2022-10-31,45899
38,Bishakha Contractor,Technician,3,2025-05-31,42853
39,Nikita Sridhar,Technician,7,2021-09-25,69910
40,Victor Aurora,Receptionist,7,2024-11-05,38307
41,Hitesh Thakur,Technician,4,2019-05-30,78197
42,Guneet Sarraf,Ward Boy,9,2022-11-27,41247
43,Rohan Soni,Technician,5,2022-08-04,41186
44,Lakshmi Sem,Ward Boy,5,2022-03-22,69669
45,Chandran Datta,Nurse,5,2020-03-19,33287
46,Vedika Upadhyay,Nurse,2,2020-06-16,74182
47,Hredhaan Bakshi,Receptionist,3,2020-12-22,17859
48,Christopher Ratti,Technician,5,2024-08-11,72277
49,Aditya Parsa,Ward Boy,4,2021-08-03,57686
50,Eiravati Sen,Technician,8,2018-11-13,15288
51,Zaitra Dasgupta,Nurse,1,2020-05-22,55777
52,Dipta Singh,Nurse,7,2024-11-02,70924
53,Bhavini Bahri,Nurse,9,2024-10-23,78246
54,Tanish Ben,Technician,6,2025-08-24,56141
55,Chavvi Bahri,Nurse,6,2020-07-04,68659
56,Luke Mann,Nurse,4,2022-07-02,59606
57,Ishwar Varughese,Receptionist,4,2023-09-06,29315
58,Yashasvi Dara,Technician,4,2022-07-19,53648
59,Chaitanya Raja,Technician,7,2021-05-27,24571
60,Xalak Hari,Receptionist,6,2023-01-23,40173
61,Oeshi Prabhakar,Receptionist,9,2020-09-26,18377
62,Tarak Sodhi,Nurse,4,2026-03-18,38750
63,Jagat Kakar,Technician,4,2023-05-27,59601
64,Warhi Khosla,Nurse,10,2021-10-17,67127
65,Tanveer Deshpande,Ward Boy,9,2018-06-15,60125
66,Timothy Zachariah,Technician,7,2020-03-02,21349
67,Timothy Merchant,Technician,9,2023-11-29,49631
68,Henry Borde,Receptionist,2,2021-03-17,49474
69,Triveni Salvi,Nurse,1,2024-09-14,60526
70,Kalpit Sanghvi,Nurse,9,2022-05-28,50955
71,Janani Bail,Receptionist,7,2021-01-08,59232
72,Fitan Virk,Nurse,10,2024-03-09,71993
73,Darpan Krishnan,Ward Boy,7,2020-12-01,56339
74,Barkha Samra,Ward Boy,4,2020-09-02,30596
75,Tanmayi Prasad,Receptionist,6,2025-12-04,65259
76,Frederick Soni,Receptionist,3,2023-07-10,18203
77,Bishakha Dalal,Receptionist,10,2024-04-08,15264
78,Chakrika Majumdar,Nurse,10,2024-05-17,42892
79,Samarth Sawhney,Nurse,2,2024-08-02,47080
80,Dhruv Pal,Ward Boy,10,2022-07-12,19853
81,Yashica Nori,Receptionist,4,2020-02-28,17568
82,Vedant Sabharwal,Ward Boy,4,2024-03-27,53882
83,Dayamai Mital,Nurse,1,2021-01-02,19275
84,Amaira Balan,Ward Boy,1,2019-03-04,59169
85,Netra Kapur,Nurse,4,2025-08-16,68133
86,Charan Cheema,Receptionist,4,2026-01-28,41402
87,Arunima Sarma,Receptionist,6,2023-10-20,33202
88,Raagini Yadav,Nurse,1,2019-01-14,51047
89,Tripti Ram,Receptionist,8,2019-12-25,77933
90,Vedhika Minhas,Nurse,1,2025-11-15,29710
91,Abhiram Shroff,Nurse,7,2021-09-27,21956
92,Caleb Dhingra,Technician,9,2026-02-26,20754
93,Anika Ranganathan,Technician,4,2024-10-08,42080
94,Kalpit Dhar,Technician,7,2025-09-25,37640
95,Thomas Muni,Technician,9,2019-08-18,43222
96,Oeshi Tata,Technician,2,2020-09-09,67848
97,Ekanta Trivedi,Receptionist,5,2025-09-03,51019
98,Robert Chowdhury,Nurse,10,2021-04-27,31769
99,Nikita Baria,Technician,10,2024-01-17,45725
100,Tripti Mangat,Nurse,8,2020-08-12,23030
101,Advaith Kannan,Nurse,6,2023-12-18,21754
102,Nathaniel Sood,Ward Boy,4,2020-01-18,43678
103,Janya Rau,Nurse,2,2020-12-05,57531
104,Chakradhar Rajan,Receptionist,3,2022-03-27,19982
105,Meghana Naik,Ward Boy,10,2024-12-15,66352
106,Farhan Acharya,Technician,7,2024-10-20,39560
107,Laban Bhat,Receptionist,6,2024-08-18,47580
108,Banjeet Char,Receptionist,5,2019-07-24,49871
109,Lajita Puri,Receptionist,1,2026-05-12,60053
110,Gaurika Thakkar,Nurse,3,2020-10-18,63884
111,Abhimanyu Arya,Receptionist,8,2022-03-06,57859
112,Devika Jaggi,Receptionist,5,2026-01-16,60654
113,Dayita Sarraf,Technician,8,2022-12-02,43453
114,Ishaan Rout,Ward Boy,9,2018-08-25,33221
115,Wazir Varty,Technician,5,2024-10-26,65113
116,Chaaya Barad,Ward Boy,7,2020-11-30,23137
117,Gauri Rajagopal,Nurse,9,2023-12-28,31510
118,Zayyan Natt,Technician,10,2022-01-17,26998
119,Champak Sankaran,Nurse,1,2024-07-06,29678
120,Gautami Memon,Receptionist,10,2019-05-16,40759
121,Zehaan Thakkar,Ward Boy,3,2020-09-25,65104
122,Bakhshi D’Alia,Nurse,6,2021-12-04,42729
123,Abdul Shan,Receptionist,9,2019-11-18,72081
124,Nathan Choudhury,Receptionist,4,2020-03-05,25185
125,Zayyan Bhasin,Nurse,9,2020-06-13,50390
126,Harinakshi Palan,Ward Boy,8,2019-07-13,20224
127,Joshua Basu,Ward Boy,1,2019-03-06,49079
128,Xiti Sridhar,Receptionist,8,2026-05-04,30809
129,Jalsa Devi,Ward Boy,1,2025-12-31,47588
130,Radha Master,Ward Boy,5,2020-01-23,31614
131,Udarsh Mitter,Ward Boy,8,2019-08-21,77440
132,Ayushman Sagar,Technician,7,2023-10-19,36641
133,Avi Bath,Receptionist,4,2019-01-11,43394
134,Aarini Mani,Technician,8,2019-04-21,65622
135,Saanvi Sathe,Ward Boy,5,2020-01-07,55900
136,Widisha Tandon,Nurse,2,2023-08-23,59404
137,Harshil Natarajan,Nurse,5,2020-01-22,76458
138,Harrison Mannan,Nurse,7,2021-02-09,29297
139,Rajeshri Gole,Nurse,4,2019-09-25,61462
140,Girish Kohli,Nurse,3,2021-06-25,23117
141,Oeshi Muni,Technician,1,2019-11-08,53101
142,Rayaan Varma,Ward Boy,7,2019-03-06,32589
143,Harinakshi Sahota,Nurse,10,2023-08-02,69495
144,Edhitha Rai,Technician,4,2020-12-01,72616
145,Samesh Mani,Technician,3,2025-02-01,59061
146,Unni Ray,Nurse,2,2023-06-09,57130
147,Xalak Dhar,Technician,3,2025-10-17,29315
148,Irya Kashyap,Nurse,8,2024-11-04,64483
149,Anthony Salvi,Ward Boy,7,2019-09-23,65628
150,Ridhi Chad,Nurse,7,2019-07-05,75130
151,Bachittar Bora,Receptionist,2,2020-07-17,75472
152,Anvi Khurana,Nurse,6,2020-10-17,56718
153,Saksham Khalsa,Technician,2,2020-09-27,78891
154,Tarak Natt,Receptionist,7,2020-11-01,53633
155,Ekanta Sangha,Receptionist,10,2025-05-30,53759
156,Hemang Thakur,Receptionist,7,2018-08-24,63944
157,Omisha Badami,Receptionist,3,2022-04-10,64665
158,Lopa Boase,Nurse,4,2021-05-04,72608
159,Onkar Contractor,Technician,8,2023-05-16,69238
160,Aarna Rao,Receptionist,2,2019-10-30,28575
161,Naveen Bhattacharyya,Receptionist,5,2021-06-23,61570
162,Jacob Parikh,Ward Boy,2,2020-02-11,63834
163,Gaurav Divan,Technician,5,2026-03-25,78170
164,Lakshit Sane,Ward Boy,9,2018-11-30,74561
165,Avi Shere,Technician,6,2025-02-15,73426
166,Sathvik Kota,Nurse,9,2025-08-25,60695
167,Libni Rajagopal,Receptionist,3,2019-09-20,64004
168,Chatresh Dave,Receptionist,1,2020-12-13,72017
169,Lakshit Khosla,Technician,10,2019-02-24,47783
170,Geetika Bhandari,Receptionist,9,2018-07-27,42102
171,Riya Parmar,Technician,3,2020-07-12,32148
172,Imaran Dhaliwal,Receptionist,8,2022-03-23,37360
173,Ekapad Kakar,Receptionist,5,2023-09-05,49604
174,Pranit Kari,Nurse,6,2021-07-06,63739
175,Yachana Pandit,Receptionist,6,2021-09-22,16052
176,Abhiram Chowdhury,Nurse,7,2022-08-02,79179
177,Bahadurjit Patla,Receptionist,5,2023-05-28,58922
178,Oscar Mani,Receptionist,5,2024-04-13,49258
179,Widisha Issac,Receptionist,7,2022-09-16,37564
180,Nimrat Raman,Receptionist,9,2025-03-23,17596
181,Qasim Sekhon,Ward Boy,1,2020-04-27,50535
182,Ryan Date,Nurse,3,2018-12-13,37450
183,Ranbir Shan,Technician,1,2023-01-21,49243
184,Faraj Manne,Receptionist,2,2023-08-08,28924
185,Ikbal Pau,Receptionist,1,2019-10-16,57186
186,Samesh Sridhar,Technician,9,2020-11-19,58342
187,Libni Chaudhari,Ward Boy,8,2021-10-22,60259
188,Zashil Jain,Ward Boy,6,2021-04-06,65972
189,Hemangini Nagar,Nurse,9,2026-04-26,31734
190,Lohit Bahri,Receptionist,9,2018-10-26,46847
191,Fiyaz Narang,Ward Boy,9,2025-04-11,57302
192,Varenya Sathe,Nurse,5,2021-03-14,32805
193,Indrajit Varma,Receptionist,4,2025-05-24,36404
194,Ekavir Panchal,Receptionist,9,2022-08-24,22310
195,Neelima Sawhney,Ward Boy,5,2018-11-19,33961
196,Azad Patla,Nurse,1,2022-03-23,25065
197,Omaja Issac,Ward Boy,7,2020-04-24,39338
198,Inaya Salvi,Receptionist,10,2021-09-23,22696
199,Bishakha Cherian,Nurse,5,2024-04-01,45879
200,Tanish Rao,Ward Boy,8,2020-07-26,56637
201,Kiaan Dyal,Receptionist,8,2022-03-29,40887
202,Benjamin Sandhu,Nurse,5,2019-01-11,48410
203,Yutika Kala,Nurse,5,2019-01-29,53966
204,Ijaya Modi,Receptionist,2,2023-01-04,64879
205,Falan Sarraf,Technician,10,2019-08-05,63485
206,Shivani Malhotra,Technician,6,2022-05-10,32388
207,Ati Khalsa,Ward Boy,2,2023-07-18,24652
208,George Kohli,Ward Boy,2,2026-04-22,77444
209,Damini Lata,Nurse,4,2022-06-27,62430
210,Raghav Chad,Nurse,7,2025-08-11,75372
211,Ekaraj Arora,Ward Boy,7,2019-12-20,64933
212,Turvi Khatri,Ward Boy,2,2020-01-11,64313
213,Triveni Madan,Receptionist,4,2024-12-04,18780
214,Charvi Kurian,Nurse,5,2021-03-23,21923
215,Krisha Andra,Nurse,5,2022-01-14,44675
216,Tripti Natt,Ward Boy,6,2020-04-02,38205
217,Lakshmi Mani,Ward Boy,1,2022-07-31,45216
218,Ekanta Goswami,Receptionist,10,2025-06-20,53168
219,Lakshmi Agarwal,Receptionist,9,2021-06-22,43482
220,Aarnav Nagarajan,Receptionist,4,2018-09-23,53127
221,Mekhala Kota,Nurse,6,2019-10-30,23474
222,Manan Sant,Receptionist,3,2019-10-07,38657
223,Ojas Saraf,Receptionist,4,2020-07-23,33980
224,Rachit Balakrishnan,Ward Boy,2,2021-09-12,70646
225,Anika Oak,Receptionist,10,2020-08-06,56018
226,Ladli Krishna,Receptionist,10,2021-12-06,24939
227,Hemangini Menon,Receptionist,6,2022-09-03,35000
228,Ekani Doshi,Ward Boy,3,2021-04-20,64579
229,Gaurav Raju,Technician,7,2019-02-20,22478
230,Arin Ratta,Ward Boy,9,2021-03-08,61904
231,Tara Mukhopadhyay,Technician,3,2020-04-22,51493
232,Yachana Setty,Ward Boy,9,2025-01-03,55203
233,Alexander Rege,Technician,1,2021-09-11,50744
234,Lekha Sunder,Ward Boy,10,2023-06-26,38641
235,Harrison Gokhale,Ward Boy,4,2019-08-11,30611
236,Oeshi Mani,Ward Boy,9,2025-06-07,71490
237,Nathan Bajwa,Ward Boy,4,2022-10-07,22139
238,Panini Rai,Nurse,3,2021-03-21,53938
239,Samarth Ghosh,Nurse,9,2026-01-30,22611
240,Abha Ray,Technician,1,2020-07-07,19051
241,Rayaan Bal,Technician,1,2025-10-11,73165
242,Ishaan Rajagopalan,Ward Boy,5,2021-12-11,64582
243,Vivaan Uppal,Technician,10,2021-06-09,16839
244,Parth Chawla,Technician,5,2018-07-04,60461
245,Yasti Mohan,Nurse,7,2022-09-07,66513
246,Rachana Sidhu,Technician,10,2023-04-01,26116
247,Dalaja Walia,Ward Boy,5,2022-12-25,55681
248,Shaurya Bora,Technician,7,2019-06-10,27997
249,Chavvi Chaudhuri,Ward Boy,6,2022-08-02,28522
250,Ryan Bava,Receptionist,5,2025-03-12,66528
251,Ekaraj Nadig,Receptionist,1,2020-08-05,42708
252,Abhimanyu Arya,Ward Boy,1,2023-08-23,24444
253,Unnati Varma,Nurse,1,2025-04-30,41113
254,Ikshita Khare,Ward Boy,5,2022-09-18,20449
255,Idika Barad,Technician,1,2020-12-01,20311
256,Qadim Luthra,Receptionist,9,2025-06-06,40368
257,Logan Sathe,Technician,9,2024-01-23,54158
258,Orinder Chand,Nurse,2,2019-02-16,25680
259,Hema Iyer,Ward Boy,8,2021-05-13,70581
260,Nimrat Nanda,Receptionist,10,2021-06-06,27191
261,Nirja Sharaf,Receptionist,7,2024-02-16,31851
262,Kabir Rai,Receptionist,7,2022-03-04,59265
263,Rachana Ramesh,Receptionist,9,2024-03-11,26249
264,Logan Rao,Technician,8,2023-05-06,44645
265,Tanmayi Sachdev,Ward Boy,9,2025-03-05,22405
266,Liam Radhakrishnan,Technician,1,2020-04-05,30050
267,Oliver Vala,Technician,9,2019-01-26,44648
268,Veda Ramachandran,Nurse,1,2024-12-29,47230
269,Arin De,Ward Boy,3,2021-05-25,51854
270,Anamika Sodhi,Nurse,10,2024-12-25,57418
271,Kashvi Kant,Receptionist,3,2024-05-07,39605
272,Barkha Khosla,Nurse,3,2021-08-27,68548
273,Gautam Master,Receptionist,7,2018-08-17,17051
274,Gautami Maharaj,Ward Boy,10,2024-12-02,35169
275,Baljiwan Prasad,Technician,4,2025-05-17,15589
276,Kai Ravi,Receptionist,5,2021-01-22,30259
277,Girindra Mann,Technician,10,2026-05-09,27293
278,Samuel Kothari,Receptionist,8,2021-11-05,39469
279,Vaishnavi Ravel,Receptionist,5,2025-09-24,38849
280,Wakeeta Kara,Receptionist,7,2022-01-05,18022
281,Gopal Venkataraman,Nurse,5,2025-07-25,67693
282,Charita Hayer,Nurse,1,2024-09-16,24461
283,Imaran Saxena,Technician,4,2023-09-21,78591
284,Odika Vohra,Receptionist,3,2025-06-30,19666
285,Timothy Kala,Nurse,3,2020-11-20,78669
286,Guneet Mandal,Receptionist,9,2024-06-22,78416
287,Luke Ramesh,Ward Boy,3,2022-05-20,52382
288,Owen Loke,Nurse,8,2025-12-24,33158
289,Laban Kohli,Ward Boy,5,2025-11-05,52347
290,Lila Hans,Nurse,9,2021-02-27,24547
291,Ijaya Choudhary,Technician,6,2018-08-06,27328
292,Saumya Varughese,Ward Boy,6,2022-08-21,51634
293,Nihal Sheth,Nurse,8,2022-07-27,35322
294,Wazir Agarwal,Receptionist,2,2019-03-10,56495
295,Shravya Comar,Ward Boy,7,2018-07-28,45371
296,David Bandi,Ward Boy,9,2020-12-14,76817
297,Isaac Khare,Nurse,5,2025-07-29,56030
298,Girish Cheema,Technician,4,2023-01-22,32549
299,Sanaya Palan,Nurse,10,2024-02-01,56291
300,Dakshesh Kari,Technician,6,2025-08-02,47460
301,Anita Roy,Nurse,2,2019-09-28,76456
302,Laksh Vohra,Technician,7,2019-04-28,67262
303,Warinder Murthy,Receptionist,2,2020-08-09,54764
304,Ati Sandhu,Nurse,4,2022-12-27,38781
305,Forum Brahmbhatt,Technician,1,2023-08-17,30705
306,Balvan Hari,Ward Boy,5,2021-03-12,75146
307,Karan Acharya,Technician,5,2022-01-30,75903
308,Janani Gour,Technician,5,2024-08-29,44748
309,Damyanti Mander,Nurse,4,2021-05-09,59096
310,Pratyush Bajwa,Ward Boy,6,2020-09-04,67462
311,Gaurav Sharma,Ward Boy,1,2024-04-29,73165
312,Mugdha Maharaj,Technician,3,2022-01-31,49769
313,Mohammed Bir,Receptionist,6,2023-08-25,75805
314,Madhavi Mukhopadhyay,Technician,2,2026-04-24,20460
315,Rudra Banik,Technician,9,2019-03-02,47072
316,Nimrat Subramanian,Nurse,1,2023-10-20,35008
317,Bhavya Bakshi,Receptionist,2,2024-05-09,30849
318,Saumya Mannan,Technician,9,2021-10-07,40852
319,Janaki Dey,Ward Boy,5,2025-03-16,50383
320,Manbir Chakraborty,Nurse,5,2023-07-20,50895
321,Chatura Madan,Technician,7,2021-08-11,31066
322,Upasna Suresh,Technician,2,2020-03-24,21931
323,Ganga Chowdhury,Ward Boy,9,2023-06-16,29920
324,Nathaniel Chopra,Technician,9,2019-12-30,67704
325,Kala Pall,Technician,1,2023-09-15,19324
326,Vidhi Salvi,Technician,8,2023-05-07,60283
327,Dalbir Brahmbhatt,Ward Boy,6,2022-06-07,33415
328,Ishita Sekhon,Receptionist,3,2021-04-06,77246
329,Anay Buch,Nurse,3,2023-01-06,57422
330,Gaurangi Taneja,Ward Boy,9,2022-11-13,25266
331,Yashvi Sengupta,Technician,5,2023-08-13,30017
332,Azaan Wali,Technician,9,2019-02-21,23742
333,Jonathan Balasubramanian,Technician,4,2022-11-09,18660
334,Alexander Sehgal,Receptionist,1,2018-09-02,32253
335,Jeremiah Edwin,Technician,6,2019-05-10,27642
336,Parth Raja,Ward Boy,6,2019-11-25,16388
337,Varenya Raval,Ward Boy,3,2021-07-01,48259
338,Caleb Bala,Nurse,5,2024-08-27,34575
339,Gavin Krish,Technician,1,2026-01-27,54628
340,Jagvi Sarin,Receptionist,2,2025-02-08,55232
341,Brijesh Bahl,Technician,4,2024-08-08,69345
342,Samar Andra,Ward Boy,5,2021-10-24,40022
343,Pooja Gupta,Technician,10,2021-11-24,43808
344,Advaith Varkey,Technician,9,2023-10-12,30921
345,Bhavani Sarin,Receptionist,9,2021-03-02,68712
346,Qadim Biswas,Receptionist,1,2023-05-20,45681
347,Sarthak Ganesan,Technician,6,2020-02-08,54106
348,Darsh Chaudry,Ward Boy,4,2022-05-09,23089
349,Falan Gala,Nurse,4,2020-11-30,78498
350,Gautam Srinivas,Receptionist,8,2026-01-25,34045
351,Wishi Bhattacharyya,Receptionist,1,2021-11-04,64628
352,Yashvi Srivastava,Ward Boy,1,2024-07-27,55607
353,Gabriel Balakrishnan,Ward Boy,7,2023-09-28,32757
354,Hemang Doshi,Receptionist,5,2018-12-07,24795
355,Dayita Vasa,Technician,4,2023-12-10,30197
356,Siya Lall,Ward Boy,6,2023-04-30,63326
357,Yashasvi Deol,Receptionist,5,2020-07-18,70544
358,Urvashi Kaur,Nurse,9,2022-10-14,46118
359,Neel Sule,Nurse,1,2025-11-25,67630
360,Zaitra Nadig,Receptionist,2,2020-12-04,46622
361,Chandresh Devan,Receptionist,6,2022-01-16,69375
362,Ayaan Saran,Receptionist,3,2023-12-11,26781
363,Dev Ben,Receptionist,9,2022-10-03,65081
364,Urishilla Iyer,Ward Boy,10,2022-12-25,21974
365,Baghyawati Seth,Receptionist,7,2021-08-10,71050
366,Aadi Bahri,Ward Boy,4,2019-03-25,39955
367,William Sura,Nurse,3,2023-01-08,52677
368,Yatin Pathak,Nurse,10,2022-08-16,51566
369,Dhruv Ramakrishnan,Receptionist,1,2021-07-02,79057
370,Harrison Magar,Ward Boy,4,2018-08-16,15833
371,Zayan Naik,Technician,7,2020-11-26,49527
372,Nidhi Banik,Nurse,1,2022-01-01,26920
373,Gaurangi Raja,Nurse,4,2025-06-05,54649
374,Zaitra Baria,Technician,9,2018-10-19,46181
375,Suhani Narayanan,Technician,7,2024-07-22,47724
376,Harini Dewan,Ward Boy,7,2023-03-15,46543
377,Akshay Ravel,Nurse,8,2021-01-12,15537
378,Bishakha Sundaram,Receptionist,9,2024-11-25,34849
379,Ishanvi Bera,Nurse,7,2021-10-04,28259
380,Jai Pingle,Technician,3,2018-08-06,53135
381,Baghyawati Dua,Technician,3,2019-11-27,40683
382,Charan Rattan,Receptionist,5,2025-10-30,41833
383,Anika Badal,Nurse,1,2019-10-13,46576
384,Vasana Raj,Ward Boy,7,2018-06-18,70946
385,Charles Sengupta,Technician,10,2020-03-30,34812
386,Triveni Mohan,Receptionist,4,2022-07-10,46778
387,Rachana Bawa,Technician,8,2020-12-22,38343
388,Damyanti Ahuja,Technician,9,2022-02-20,59847
389,Harinakshi Choudhary,Technician,8,2026-02-21,53372
390,Elijah Gopal,Nurse,9,2021-08-05,45704
391,Harinakshi Prakash,Ward Boy,6,2025-07-05,16667
392,Bhavani Barad,Technician,10,2020-02-15,36349
393,Ikshita Kakar,Nurse,6,2022-01-22,53825
394,Chanchal Hayer,Ward Boy,8,2024-01-30,75324
395,Agastya Sangha,Technician,6,2020-09-08,61468
396,Turvi Barad,Receptionist,7,2026-05-14,52587
397,Anamika Ganesh,Receptionist,1,2020-05-06,35107
398,Meera Balakrishnan,Technician,3,2019-03-02,50280
399,Aditya Jhaveri,Technician,10,2025-02-23,23852
400,Zansi Mahajan,Technician,4,2023-01-09,35383
401,Saksham Pandya,Nurse,10,2023-12-13,61181
402,Xiti Brahmbhatt,Nurse,9,2018-07-29,38815
403,Ojas Gade,Technician,10,2022-06-26,67661
404,Finn Gara,Technician,9,2023-08-09,34696
405,Saksham Chahal,Nurse,8,2024-01-07,72976
406,Ishwar Amble,Nurse,2,2019-08-23,53099
407,Harini Prashad,Technician,3,2023-03-08,65527
408,Sathvik Loke,Technician,5,2024-05-12,76404
409,Aahana Garg,Nurse,5,2020-04-10,50133
410,Darsh Bava,Nurse,5,2023-03-30,21971
411,Yug Choudhary,Receptionist,10,2024-04-09,18873
412,Samuel Murty,Technician,7,2021-02-22,39847
413,Harini Comar,Nurse,1,2022-04-19,46741
414,Vasana Koshy,Receptionist,2,2021-05-02,19982
415,Pooja Behl,Technician,9,2020-11-27,75335
416,Harshil Mall,Receptionist,10,2023-07-11,24360
417,Yashodhara Patla,Ward Boy,7,2019-05-04,64414
418,Keya Kapoor,Technician,7,2022-09-30,48016
419,Theodore Tripathi,Technician,10,2023-09-18,39690
420,Maanav Grewal,Technician,5,2024-03-27,79876
421,Andrew Natt,Ward Boy,8,2023-01-18,52873
422,Isaiah Prabhu,Technician,10,2023-11-13,36299
423,Ladli Ganesan,Ward Boy,10,2020-11-23,26567
424,Inaya Narayan,Technician,6,2018-10-25,17449
425,Lajita Rajagopalan,Ward Boy,8,2020-08-02,41346
426,Ethan Varty,Technician,5,2024-03-09,77995
427,Samuel Gokhale,Nurse,4,2021-06-08,61357
428,Rayaan Chahal,Receptionist,9,2019-10-30,39375
429,Rudra Chatterjee,Technician,1,2019-03-30,42119
430,Gaurangi Patla,Technician,9,2020-05-14,64154
431,Vritti Atwal,Ward Boy,3,2020-11-16,29621
432,Quincy Zacharia,Technician,8,2024-11-27,18349
433,Kevin Wali,Technician,10,2023-08-18,35937
434,Dayita Dey,Receptionist,1,2024-11-02,57562
435,Champak Kannan,Ward Boy,7,2025-09-05,15406
436,Harish Kothari,Nurse,9,2021-06-04,67791
437,Vinaya Banik,Technician,4,2023-06-01,67823
438,Chakradev Hegde,Technician,4,2023-11-22,57210
439,Banjeet Sahni,Receptionist,2,2022-03-16,49326
440,Noah Zacharia,Nurse,10,2020-02-28,48044
441,Ekapad Lad,Ward Boy,9,2022-06-13,34526
442,Bina Natt,Receptionist,10,2021-04-18,61943
443,Dayita Kuruvilla,Receptionist,9,2020-07-10,60143
444,Kevin Rajagopal,Receptionist,8,2019-01-06,49267
445,Jagdish Hegde,Technician,6,2022-09-10,18595
446,Anay Bhargava,Receptionist,9,2024-05-15,61993
447,Meghana Baral,Nurse,1,2024-05-10,52182
448,Dayita Keer,Ward Boy,2,2020-10-02,58147
449,Om Balay,Receptionist,2,2019-02-07,55393
450,Jeet Lalla,Technician,9,2024-11-10,22283
451,Ekavir Chawla,Nurse,8,2023-06-27,22097
452,Gaurangi Agate,Receptionist,2,2025-06-08,50233
453,Harita Zachariah,Ward Boy,10,2018-07-03,50085
454,Owen Bhagat,Receptionist,2,2025-11-19,55878
455,Deepa Amble,Nurse,6,2022-12-16,41152
456,Zansi Buch,Receptionist,2,2022-03-24,66306
457,Agastya Sane,Receptionist,10,2019-04-14,47090
458,Eiravati Kanda,Technician,7,2023-04-02,19939
459,Zashil Sant,Receptionist,5,2020-12-07,76114
460,Wriddhish Kunda,Ward Boy,3,2020-08-16,35790
461,Gaurang Krishnan,Technician,10,2026-03-30,30144
462,Brijesh Goyal,Technician,9,2019-06-17,62423
463,Benjamin Das,Receptionist,9,2023-05-05,19117
464,Falak Bala,Ward Boy,3,2023-10-18,76400
465,Zilmil Mohan,Ward Boy,4,2023-05-28,79910
466,Ojasvi Sandhu,Receptionist,4,2021-02-22,77780
467,Tanvi Nanda,Technician,4,2022-05-01,58155
468,Abdul Wali,Nurse,7,2020-12-09,78910
469,Yatan Kalita,Technician,2,2018-12-14,43334
470,Vamakshi Halder,Receptionist,5,2022-04-04,66711
471,Anusha Kalita,Technician,1,2021-06-28,15776
472,Madhav Mahal,Nurse,9,2026-04-14,40800
473,Ekiya Suri,Nurse,2,2022-05-08,74750
474,Mitesh Bhakta,Receptionist,7,2020-11-25,62780
475,Ekanta Rajagopalan,Nurse,10,2018-06-11,66516
476,Radha Bawa,Ward Boy,6,2025-06-13,23687
477,Sachi Talwar,Receptionist,3,2022-01-26,47587
478,Sarthak Sandal,Ward Boy,2,2022-03-18,51591
479,Vanya Bhandari,Nurse,6,2026-02-03,71480
480,David Vaidya,Ward Boy,6,2019-02-13,72441
481,Zaid Kalla,Receptionist,2,2026-01-09,50757
482,Gayathri Ramaswamy,Receptionist,8,2025-11-08,72025
483,Ekaja Mani,Receptionist,4,2019-03-30,68511
484,Devansh Uppal,Receptionist,10,2022-08-14,40726
485,Hitesh Basak,Ward Boy,4,2025-07-29,58961
486,Gopal Chandran,Receptionist,4,2021-06-27,16499
487,Darsh Gour,Receptionist,10,2019-02-06,36093
488,Balvan Gandhi,Technician,8,2021-08-25,44742
489,Baghyawati Radhakrishnan,Receptionist,3,2025-04-15,69370
490,Leena Shere,Technician,10,2018-06-23,48998
491,Omisha Yadav,Receptionist,10,2025-12-20,76163
492,Devika Menon,Receptionist,5,2020-06-20,49544
493,Qarin Bhatnagar,Technician,4,2024-07-13,58166
494,Ishita Mitra,Ward Boy,10,2018-11-27,64749
495,Kala Sandhu,Technician,9,2021-08-19,27801
496,Maanav Pall,Receptionist,9,2022-06-18,44020
497,Chakradhar Thakkar,Ward Boy,10,2019-05-18,25380
498,Upasna Khosla,Receptionist,1,2022-02-13,33518
499,Yashawini Roy,Technician,2,2022-06-27,27405
500,Ansh Dugar,Technician,8,2019-10-25,60125
